-- phpMyAdmin SQL Dump
-- version 4.7.4
-- https://www.phpmyadmin.net/
--
-- Хост: 127.0.0.1:3306
-- Время создания: Мар 18 2018 г., 23:04
-- Версия сервера: 5.7.19
-- Версия PHP: 5.6.31

SET SQL_MODE = "NO_AUTO_VALUE_ON_ZERO";
SET AUTOCOMMIT = 0;
START TRANSACTION;
SET time_zone = "+00:00";


/*!40101 SET @OLD_CHARACTER_SET_CLIENT=@@CHARACTER_SET_CLIENT */;
/*!40101 SET @OLD_CHARACTER_SET_RESULTS=@@CHARACTER_SET_RESULTS */;
/*!40101 SET @OLD_COLLATION_CONNECTION=@@COLLATION_CONNECTION */;
/*!40101 SET NAMES utf8mb4 */;

--
-- База данных: `testtask1`
--

-- --------------------------------------------------------

--
-- Структура таблицы `address`
--

DROP TABLE IF EXISTS `address`;
CREATE TABLE IF NOT EXISTS `address` (
  `id` int(11) NOT NULL AUTO_INCREMENT,
  `name` varchar(50) NOT NULL,
  `area_id` int(11) NOT NULL,
  `street` varchar(50) NOT NULL,
  `house` varchar(10) NOT NULL,
  `additional_information` text NOT NULL,
  PRIMARY KEY (`id`),
  KEY `area_id` (`area_id`)
) ENGINE=MyISAM AUTO_INCREMENT=51 DEFAULT CHARSET=utf8mb4;

--
-- Дамп данных таблицы `address`
--

INSERT INTO `address` (`id`, `name`, `area_id`, `street`, `house`, `additional_information`) VALUES
(1, '123', 1, '123', '123', '123'),
(2, '123', 1, '123', '123', '123'),
(3, '1234', 1, '1234', '1234', '1234'),
(4, '12341234', 6, '1234', '1234', '1234'),
(5, '1234', 6, '1234', '1234', '1234'),
(6, '1234', 6, '1234', '1234', '1234'),
(7, '1234', 6, '1234', '1234', '1234'),
(8, '1234', 6, '1234', '1234', '1234'),
(9, '1234', 6, '1234', '1234', '1234'),
(10, '1234', 6, '1234', '1234', '1234'),
(11, '1234', 6, '1234', '1234', '1234'),
(12, '1234', 6, '1234', '1234', '1234'),
(13, '1234', 6, '1234', '1234', '1234'),
(14, '1234', 6, '1234', '1234', '1234'),
(15, '1234', 6, '1234', '1234', '1234'),
(16, '1234', 6, '1234', '1234', '1234'),
(17, '1234', 6, '1234', '1234', '1234'),
(18, '1234', 6, '1234', '1234', '1234'),
(19, '1234', 6, '1234', '1234', '1234'),
(20, '1234', 6, '1234', '1234', '1234'),
(21, '1234', 6, '1234', '1234', '1234'),
(22, '1234', 6, '1234', '1234', '1234'),
(23, '1234', 6, '1234', '1234', '1234'),
(24, '1234', 6, '1234', '1234', '1234'),
(25, '1234', 6, '1234', '1234', '1234'),
(26, '1234', 6, '1234', '1234', '1234'),
(27, '1234', 6, '1234', '1234', '1234'),
(28, '1234', 6, '1234', '1234', '1234'),
(29, '1234', 6, '1234', '1234', '1234'),
(30, '1234', 6, '1234', '1234', '1234'),
(31, '1234', 6, '1234', '1234', '1234'),
(32, '1234', 6, '1234', '1234', '1234'),
(33, '1234', 6, '1234', '1234', '1234'),
(34, '1234', 6, '1234', '1234', '1234'),
(35, '1234', 6, '1234', '1234', '1234'),
(36, '1234', 6, '1234', '1234', '1234'),
(37, '1234', 6, '1234', '1234', '1234'),
(38, '1234', 6, '1234', '1234', '1234'),
(39, '1234', 6, '1234', '1234', '1234'),
(40, '1234', 6, '1234', '1234', '1234'),
(41, '1234', 6, '1234', '1234', '1234'),
(42, '1234', 6, '1234', '1234', '1234'),
(43, '1234', 6, '1234', '1234', '1234'),
(44, '1234', 6, '1234', '1234', '1234'),
(45, '1234', 6, '1234', '1234', '1234'),
(46, '1234', 6, '1234', '1234', '1234'),
(47, '1234', 6, '1234', '1234', '1234'),
(48, '1234', 6, '1234', '1234', '1234'),
(49, '1234', 6, '1234', '1234', '1234'),
(50, '1234', 6, '1234', '1234', '1234');

-- --------------------------------------------------------

--
-- Структура таблицы `area`
--

DROP TABLE IF EXISTS `area`;
CREATE TABLE IF NOT EXISTS `area` (
  `id` int(11) NOT NULL AUTO_INCREMENT,
  `name` varchar(50) NOT NULL,
  `city_id` int(11) NOT NULL,
  PRIMARY KEY (`id`),
  KEY `city_id` (`city_id`)
) ENGINE=MyISAM AUTO_INCREMENT=10 DEFAULT CHARSET=utf8mb4;

--
-- Дамп данных таблицы `area`
--

INSERT INTO `area` (`id`, `name`, `city_id`) VALUES
(1, 'Шевченковский', 1),
(2, 'Киевский', 1),
(3, 'Слободской', 1),
(4, 'Святошинский', 2),
(5, 'Соломенский', 2),
(6, 'Деснянский', 2),
(7, 'Железнодорожный', 3),
(8, ' Сыховский', 3),
(9, 'Шевченковский', 3);

-- --------------------------------------------------------

--
-- Структура таблицы `city`
--

DROP TABLE IF EXISTS `city`;
CREATE TABLE IF NOT EXISTS `city` (
  `id` int(11) NOT NULL AUTO_INCREMENT,
  `name` varchar(40) NOT NULL,
  PRIMARY KEY (`id`)
) ENGINE=MyISAM AUTO_INCREMENT=4 DEFAULT CHARSET=utf8mb4;

--
-- Дамп данных таблицы `city`
--

INSERT INTO `city` (`id`, `name`) VALUES
(1, 'Харьков'),
(2, 'Киев'),
(3, 'Львов');
COMMIT;

/*!40101 SET CHARACTER_SET_CLIENT=@OLD_CHARACTER_SET_CLIENT */;
/*!40101 SET CHARACTER_SET_RESULTS=@OLD_CHARACTER_SET_RESULTS */;
/*!40101 SET COLLATION_CONNECTION=@OLD_COLLATION_CONNECTION */;
